filename, json
westinghouse_wr22_-v6-_-18383p1-_png.rf.4c6dc23a994c38b89a87a39117f1269f.jpg, 1
rca_t814_-v6-_-18209p1-_png.rf.4c2a426de02ab5445b21f0a7b75b7155.jpg, 1
rca_125_-v6-_-18166p1-_png.rf.49e68294cd0c636674ba813616a5e61a.jpg, 1
zenith_288_-v6-_-18397p1-_png.rf.495270e543a519b915f8bc3b70fb3416.jpg, 1
rca_125_-v6-_-18166p1-_png.rf.5435617d40b57d5f942e2ec6cae04d93.jpg, 1
emerson_bt245_-v6-_-17859p1-_png.rf.4e785d71e99e88731c623e56182c949b.jpg, 1
majestic_310a_-v4-_-14586p1-_png.rf.48ee933e574a4b4fd916192ff1f94be8.jpg, 1
zenith_5s327_-v3-_-13687p1-_png.rf.48e9bcf90696ac5abf195bc17506b150.jpg, 1
westinghouse_wr28_-v4-_-15399p1-_png.rf.4dd840528cfb172c4ab9ea7bd213df04.jpg, 1
philco_66b_-v3-_-13235p1-_png.rf.4b180bbbe33cb6b2568ab29888920715.jpg, 1
zenith_5s29_-v4-_-15434p1-_png.rf.50391ea4f378a2927500ffaa2700cfe3.jpg, 1
zenith_5s29_-v3-_-13686p1-_png.rf.535e3c46066ecb024e42b5821adbb28d.jpg, 1
westinghouse_wr23_-v5-_-17384p1-_png.rf.51cddd79754440556c82b615d849bf7b.jpg, 1
rca_r73_-v5-_-16937p1-_png.rf.4b8c85bc08945ed7478b089bfd01447a.jpg, 1
rca_r7a_-v4-_-14996p1-_png.rf.4ea54f1b64c9bfa24f8cab8672d560d1.jpg, 1
emerson_34c_-v6-_-17806p1-_png.rf.5164a92019dcdfe9cb552f487a2748dc.jpg, 1
generalelectric_m81_-v5-_-16309p1-_png.rf.4eee744ab12fd31350c48f0e06870eab.jpg, 1
zenith_7d127_-v2-_-12349p1-_png.rf.53f5469e0c63eed4e62e94cb083cadd3.jpg, 1
rca_118_-v6-_-18165p1-_png.rf.55af24211ce4dbd33dd5bada0570f060.jpg, 1
rca_t814_-v6-_-18209p1-_png.rf.54197a0d00fff318a13918aeeaa30679.jpg, 1
zenith_5s327_-v3-_-13687p1-_png.rf.5258002abdf3419c9607c73ca8bea352.jpg, 1
generalelectric_m61_-v6-_-17928p1-_png.rf.51bd44d1889f52ed2d45fef54b17765b.jpg, 1
majestic_15_-v3-_-13040p1-_png.rf.564c6b4579f26079e03379a4e756aed6.jpg, 1
rca_t814_-v6-_-18209p1-_png.rf.57e2afdf1ff4d7b9e39c61d23ed5d771.jpg, 1
rca_9t_-v6-_-18199p1-_png.rf.56ddefe5b770b1738ccfb763baf15f6f.jpg, 1
philco_116b_-v4-_-14744p1-_png.rf.56b556b6ee14d1d62551007b8bea4a4d.jpg, 1
grunow_750_-v6-_-17962p1-_png.rf.54283fcd685fe61029bd21888a5c069b.jpg, 1
silvertone_4665_-v4-_-15111p1-_png.rf.5a31a22fc2b93f44b4f90ecf2c980a35.jpg, 1
zenith_5s29_-v3-_-13686p1-_png.rf.5b14bc3e40e761075d9883ce9e1eec82.jpg, 1
usradio_9a_-v5-_-17330p1-_png.rf.57495c0091c611d398875fcefddfc9b4.jpg, 1
westinghouse_wr23_-v5-_-17384p1-_png.rf.586488196d6fde61f8cd0e299a98859f.jpg, 1
philco_3835_-v4-_-14766p1-_png.rf.5c1a707027e69afd4f9ad9a8f4be5e35.jpg, 1
zenith_7j232_-v6-_-18446p1-_png.rf.5d802a71aba660133b230233386f158a.jpg, 1
westinghouse_wr214_-v2-_-12306p1-_png.rf.5a971a7213f27b073bc4ee9c823717f1.jpg, 1
philco_66_-v6-_-18129p1-_png.rf.5c5d36aa570c9792dafccade9d715b85.jpg, 1
zenith_288_-v6-_-18397p1-_png.rf.5d716a75485d07c7cf2b62c77e565be7.jpg, 1
generalelectric_a70_-v6-_-17906p1-_png.rf.5900b165a9cf2447e565ae2b2daae0fc.jpg, 1
emerson_108_-v5-_-16008p1-_png.rf.5c13fbaf63e2dd40101809e61735ad67.jpg, 1
philco_66_-v6-_-18129p1-_png.rf.5a4c50da4e9fbe43a77d078b581fc5e8.jpg, 1
emerson_c134_-v6-_-17860p1-_png.rf.58d35a32fa4367fa571bc94d04458452.jpg, 1
zenith_5s29_-v6-_-18411p1-_png.rf.5eb72b08b56e41c4fedde62a9728a102.jpg, 1
zenith_5s228w_-v3-_-13685p1-_png.rf.599c47751949f4c611f13a2954dcd402.jpg, 1
emerson_28_-v6-_-17802p1-_png.rf.5e6a1af64ef519e69f1f585d3e15c8aa.jpg, 1
zenith_5s29_-v4-_-15434p1-_png.rf.5f858535bc880db1c7a0d3731e76f313.jpg, 1
majestic_461_-v3-_-13048p1-_png.rf.611d6533d572211bb6a45d43e98ed08d.jpg, 1
arvin_517_-v6-_-17637p1-_png.rf.5ea1a8d8e6e167b0fbedb85dd8bd7c16.jpg, 1
zenith_7d127_-v2-_-12349p1-_png.rf.573b785c2b999baa05a9f99f057c54f1.jpg, 1
majestic_461_-v3-_-13048p1-_png.rf.641c4569eefccf5e63ec1a583de77496.jpg, 1
generalelectric_e81_-v2-_-11368p1-_png.rf.5f331955493574431ee14371f9361f08.jpg, 1
sparton_617_-v5-_-17149p1-_png.rf.614932b92036134bde81997130d66ef3.jpg, 1
rca_r8_-v4-_-14998p1-_png.rf.61298a78eb1254039956cd2361668839.jpg, 1
westinghouse_wr28_-v4-_-15399p1-_png.rf.6172a20d66a61a96bce7774c212f8f5e.jpg, 1
emerson_34c_-v6-_-17806p1-_png.rf.65050607fa566a00353c5b4f4659f5ee.jpg, 1
fada_160t_-v2-_-11284p1-_png.rf.64118ea3bc395b95000024fa2d24261a.jpg, 1
philco_116b_-v4-_-14744p1-_png.rf.6578799e418b1927ddaf7fe29d6b5d12.jpg, 1
grunow_570_-v4-_-14456p1-_png.rf.64891389541b349dd51cf120c1138af4.jpg, 1
rca_r74_-v5-_-16938p1-_png.rf.6491846734dae169dc7469b2baa30ffc.jpg, 1
zenith_5s29_-v3-_-13686p1-_png.rf.65255f4671a10a1936c7107c678b6ab4.jpg, 1
generalelectric_e81_-v2-_-11368p1-_png.rf.62d74df76db9cc734c1bfd3888bd9ab6.jpg, 1
rca_5t_-v2-_-11899p1-_png.rf.662b8632c058f3d6cdc05e4dbb4b4bc2.jpg, 1
zenith_5s29_-v6-_-18411p1-_png.rf.6410a87d7a5b75338d750a1804c7be5f.jpg, 1
arvin_517_-v6-_-17637p1-_png.rf.65ee3b91f87814d45f516ef7308598b6.jpg, 1
generalelectric_m81_-v5-_-16309p1-_png.rf.66f05e693bcc9366ee49e2539c38575f.jpg, 1
zenith_9s30_-v5-_-17474p1-_png.rf.66361a1c0e265f7c05c34459a75c5bea.jpg, 1
grunow_580_-v4-_-14459p1-_png.rf.68c8bf6b372a9f9d1afbf671f26b4278.jpg, 1
zenith_8s129_-v5-_-17465p1-_png.rf.68131c8b4695858dc68181d5b301a5eb.jpg, 1
zenith_5s327_-v3-_-13687p1-_png.rf.672e8ab2fb171ad3ec2e306beaebdd5c.jpg, 1
crosley_517_-v5-_-15874p1-_png.rf.6a0ab6c2c012a67f1ac711e83c63cc66.jpg, 1
westinghouse_wr28_-v4-_-15399p1-_png.rf.61e3dc77d5c5df185b67fd2ab096ae60.jpg, 1
emerson_108_-v5-_-16008p1-_png.rf.6b05b5c82e5abf19524bba63ba97bf67.jpg, 1
kadette_77_-v5-_-16455p1-_png.rf.6a28fb5c870f784b2e98490edb7da430.jpg, 1
emerson_34c_-v6-_-17806p1-_png.rf.67be8a9ddefb93b883d47d1021124e5a.jpg, 1
rca_9t_-v6-_-18199p1-_png.rf.6c7da709a83be98a945e809ca0cfdde9.jpg, 1
crosley_527_-v2-_-11145p1-_png.rf.6a9c213cf0486655bdd5b0e817facc1c.jpg, 1
majestic_59_-v4-_-14590p1-_png.rf.6c2cde1633c8f54f851b9cad4e94149e.jpg, 1
zenith_5s327_-v3-_-13687p1-_png.rf.6c86dfe1a2da0e8591d85ce8778e8771.jpg, 1
zenith_6s27_-v6-_-18440p1-_png.rf.6990376e8b8a313f0cae02c5dc48deac.jpg, 1
westinghouse_wr28_-v4-_-15399p1-_png.rf.68bc6a1c8f52f69ca63313d8da862feb.jpg, 1
crosley_5m3_-v4-_-14053p1-_png.rf.6ea3c65f5d4495a7ce4eaed50d63acb1.jpg, 1
zenith_5s29_-v3-_-13686p1-_png.rf.6e3cf9cb4c6ec365cd685e3e06a464ea.jpg, 1
grunow_750_-v6-_-17962p1-_png.rf.729cba6546f06c35192a6b16ac199251.jpg, 1
philco_66b_-v3-_-13235p1-_png.rf.6faa2be3ad70094215d6a939fb952e5d.jpg, 1
arvin_517_-v6-_-17637p1-_png.rf.6c90edee8beae4f618ade1f1b2cc1658.jpg, 1
arvin_517_-v6-_-17637p1-_png.rf.6f37bf30c099bebff6faf1d202d3ae52.jpg, 1
rca_9t_-v6-_-18199p1-_png.rf.69646c43245b6212d42d345210922f73.jpg, 1
majestic_15_-v3-_-13040p1-_png.rf.6ec834111d1e595f9266271c42d0fa0f.jpg, 1
delco_1107_-v2-_-11178p1-_png.rf.72a4b630fd5e0a1ef7adb65d842ba4ae.jpg, 1
majestic_15_-v3-_-13040p1-_png.rf.6f83225ed40d87e092c2d6426c6e259a.jpg, 1
zenith_6s27_-v6-_-18440p1-_png.rf.71c104be688ab4b7e8b1faad26e0fc5f.jpg, 1
emerson_34c_-v6-_-17806p1-_png.rf.73c0550bf3361f662ff2ee0bb1f61bdd.jpg, 1
rca_143_-v6-_-18169p1-_png.rf.764af9f70fb228fe56ef9feb71bbb6c6.jpg, 1
rca_6t2_-v4-_-14964p1-_png.rf.708614dae23dd87d0cf4c9059105a753.jpg, 1
rca_t101_-v3-_-13347p1-_png.rf.70bd5cf0397c4471778ee10d6f4e8d16.jpg, 1
kadette_77_-v5-_-16455p1-_png.rf.74a16f422318a007f1e5e1ac83b4bcec.jpg, 1
delco_1107_-v2-_-11178p1-_png.rf.6faa192d1124278a13392a230f86d819.jpg, 1
zenith_8s129_-v5-_-17465p1-_png.rf.776f71a85c3f5d70c6677cc4dac4ac70.jpg, 1
rca_t814_-v6-_-18209p1-_png.rf.72e3678ddebebe722c17521ae3bc6595.jpg, 1
majestic_310a_-v4-_-14586p1-_png.rf.76be3109a1f5fa4a6c14bf57364f3ba1.jpg, 1
westinghouse_wr28_-v4-_-15399p1-_png.rf.75338a11cdaf067ffb6b2a8adb960a18.jpg, 1
silvertone_4665_-v4-_-15111p1-_png.rf.7490f3d3f5675a5de774c0a39beb8712.jpg, 1
airline_62177_-v3-_-12478p1-_png.rf.7248611c7656b6ab039dadb5befef7a3.jpg, 1
grunow_750_-v6-_-17962p1-_png.rf.747ebd1a998d13ef0c9b72b9aa810cde.jpg, 1
emerson_bt245_-v6-_-17859p1-_png.rf.7a77bd0c6446a9aa1c64206cdf320332.jpg, 1
zenith_6s27_-v6-_-18440p1-_png.rf.766c4c7eb226e0162714e97ea9b221e3.jpg, 1
generalelectric_m61_-v6-_-17928p1-_png.rf.7a82aac856221713d5244ff8bb1ad556.jpg, 1
zenith_5s29_-v4-_-15434p1-_png.rf.78da097049fa911267a8870b71478319.jpg, 1
westinghouse_wr23_-v5-_-17384p1-_png.rf.78c520f7df6a0108889b6404142ec2b0.jpg, 1
crosley_6h2_-v4-_-14059p1-_png.rf.79a895724d67efae1dd7b187ee35dbc5.jpg, 1
sparton_10_-v2-_-12083p1-_png.rf.78541fe6d8b677e5e1bc8dc42276d28a.jpg, 1
grunow_500_-v6-_-17957p1-_png.rf.7a27ad0c55271e4a4bd721363cc1c7c6.jpg, 1
sparton_67_-v6-_-18288p1-_png.rf.7cfa9a283af85644f5641a81f432575d.jpg, 1
zenith_5s29_-v3-_-13686p1-_png.rf.7f0303000a664507c8b158e07ea9bbd3.jpg, 1
zenith_808_-v6-_-18460p1-_png.rf.7d8be30acbb02612ea041b6f4308e728.jpg, 1
rca_t814_-v6-_-18209p1-_png.rf.76fed507a2abab0a46c9613a86e10475.jpg, 1
rca_140_-v6-_-18168p1-_png.rf.7cf09d0093a04f9618de7441dab06877.jpg, 1
generalelectric_m61_-v6-_-17928p1-_png.rf.7c85e4179cbfbce4558383378a5cbc72.jpg, 1
zenith_7j232_-v6-_-18446p1-_png.rf.7e722839687ae1ccbf269f585aff2245.jpg, 1
sparton_616_-v4-_-15197p1-_png.rf.7b87bf5410dc42baa7722f2ddecdeef1.jpg, 1
sparton_617_-v5-_-17149p1-_png.rf.7f35f5e12cb5063677c9e0fba9a3afa5.jpg, 1
majestic_461_-v3-_-13048p1-_png.rf.80348775ca8a02a43e3bca15171b0f3d.jpg, 1
rca_7t1_-v6-_-18193p1-_png.rf.7efbd94058bfa25812312d6be4ca2432.jpg, 1
rca_6t_-v6-_-18182p1-_png.rf.7a3c59c57c98d84e0df89a43962422be.jpg, 1
grunow_750_-v4-_-14463p1-_png.rf.7d7668facedaf5f01ac561c5587f4d2c.jpg, 1
rca_5t_-v2-_-11899p1-_png.rf.7f3effbb91772669da5a1926ab52addf.jpg, 1
grunow_570_-v4-_-14456p1-_png.rf.81b1ef6229660fccbc81305e72d25ef9.jpg, 1
zenith_10s130_-v6-_-18394p1-_png.rf.65c8c4d2e2ab4341d3ed86f9b1774ea0.jpg, 1
generalelectric_a70_-v6-_-17906p1-_png.rf.82213dd2a6ad12a9a11a4b153c4fdff1.jpg, 1
airline_62131_-v2-_-10991p1-_png.rf.83987c63d33ba3c895b61751309f5927.jpg, 1
silvertone_1905_-v5-_-17022p1-_png.rf.83e54cbee7f500fb5f0a2fed6e36698c.jpg, 1
zenith_10s130_-v6-_-18394p1-_png.rf.7fc53de5c60dc4002279bb4728dd84eb.jpg, 1
crosley_6h2_-v4-_-14059p1-_png.rf.83881fe35d9461b2e759cb10e7e2084a.jpg, 1
rca_r71_-v6-_-18204p1-_png.rf.8224e1783d7d3c53e9d3ba0c614e977c.jpg, 1
rca_r71_-v6-_-18204p1-_png.rf.7f501a55e35bb6852d96d2fd7bbf5776.jpg, 1
crosley_517_-v5-_-15874p1-_png.rf.84d8434b44ee9a5c9dca8540957734ae.jpg, 1
silvertone_4665_-v4-_-15111p1-_png.rf.7ea907e205083f4fc58bbb04e0ad9e21.jpg, 1
rca_118_-v6-_-18165p1-_png.rf.7f5e7ee36f19a40a39abaabbb7c856b6.jpg, 1
emerson_bt245_-v6-_-17859p1-_png.rf.82fafe81414394d3709fe19aed8b1971.jpg, 1
airline_62131_-v2-_-10991p1-_png.rf.8928822608f678fa66bb4d9abb107f7f.jpg, 1
philco_116b_-v4-_-14744p1-_png.rf.890c172b0cf41a51d1d81634e77de699.jpg, 1
silvertone_1954_-v3-_-13427p1-_png.rf.86a2a84341c111b27bdb8bd75970f465.jpg, 1
rca_t814_-v6-_-18209p1-_png.rf.86712c94dc96442f6796551c0fbeabdf.jpg, 1
zenith_8s129_-v5-_-17465p1-_png.rf.87170e5dabdf205d0b8a31bf76bc7ddf.jpg, 1
emerson_28_-v6-_-17802p1-_png.rf.89516e2a66ee996e3dc1b0b0933bf438.jpg, 1
usradio_9a_-v5-_-17330p1-_png.rf.879ab896db224ac1ad2870a8a06a1501.jpg, 1
sparton_616_-v4-_-15197p1-_png.rf.88a932e106f0d386a35333e12ece25fe.jpg, 1
rca_t814_-v6-_-18209p1-_png.rf.8892192c60bb5a4658009518b56d0518.jpg, 1
airline_62131_-v2-_-10991p1-_png.rf.8b4c3cc51b91d2b24e4ba545feeaad59.jpg, 1
crosley_517_-v5-_-15874p1-_png.rf.8a4143d51838264cc007d71993bcc385.jpg, 1
emerson_28_-v6-_-17802p1-_png.rf.853f06ebd759dbe42ff3e57929fe14d3.jpg, 1
majestic_161_-v6-_-18014p1-_png.rf.8a34bce232a134413b60767a045e4290.jpg, 1
rca_6t2_-v4-_-14964p1-_png.rf.8b6d160b325a9dc980e56bf3dbb5e24e.jpg, 1
sparton_10_-v2-_-12083p1-_png.rf.8ae5971000865ce4389f2744b6306b07.jpg, 1
rca_r8_-v4-_-14998p1-_png.rf.8b05a580f62b54219727fb68313e76f0.jpg, 1
arvin_517_-v4-_-13889p1-_png.rf.8bccb8c264c8f6e7b8d590071d329dba.jpg, 1
majestic_59_-v4-_-14590p1-_png.rf.8de3a6367f27975eea9944cd93e28288.jpg, 1
airline_62177_-v3-_-12478p1-_png.rf.8cf331dad7a1b138bc048885c08f5922.jpg, 1
zenith_6j230_-v6-_-18430p1-_png.rf.8ef333acdf778af5dbe884ea62819826.jpg, 1
majestic_15_-v3-_-13040p1-_png.rf.908aa528d6b46abb70f2934c59ff38c0.jpg, 1
rca_6t2_-v4-_-14964p1-_png.rf.8cf8d593a99c5bb9538ec5646d05db96.jpg, 1
rca_125_-v6-_-18166p1-_png.rf.8e60fcaac497d29168905cc72b112466.jpg, 1
philco_66b_-v3-_-13235p1-_png.rf.8b30674fde7c716bf9c5f7bf93ce8ba4.jpg, 1
emerson_u5a_-v2-_-11279p1-_png.rf.8ddaa68c154926fcd2172ec9a96dc31e.jpg, 1
philco_66_-v6-_-18129p1-_png.rf.8b9857860d736fceae433b073ad2c05d.jpg, 1
motorola_5t_-v6-_-18042p1-_png.rf.89d48fe20572c763ce18bb194c6f6cae.jpg, 1
emerson_45_-v4-_-14169p1-_png.rf.8ecf6c89c3ce1e7830000e1aca4c46c0.jpg, 1
philco_3835_-v4-_-14766p1-_png.rf.9391824a324ff6a9450ecafdcd4e1771.jpg, 1
westinghouse_wr23_-v5-_-17384p1-_png.rf.90d5da291de69b881a2112361f51fcee.jpg, 1
zenith_6s27_-v6-_-18440p1-_png.rf.916b9b073cf0643edf29f172bca08192.jpg, 1
zenith_6s229_-v6-_-18439p1-_png.rf.8cd1806f04bffab9b7b0baf39e7e377a.jpg, 1
brunswick_11_-v2-_-11091p1-_png.rf.9357ad236c01b12f17ee036f2de2f627.jpg, 1
philco_66b_-v3-_-13235p1-_png.rf.94054c6569559320923394db6086fbe7.jpg, 1
philco_66b_-v3-_-13235p1-_png.rf.8faafa64b3ff7487673f45aba2911124.jpg, 1
majestic_310a_-v4-_-14586p1-_png.rf.964d033c5262303d31e95fc75da97eee.jpg, 1
brunswick_11_-v2-_-11091p1-_png.rf.96231afa3d93a9c8f749a9fe3ecec9ab.jpg, 1
emerson_bt245_-v6-_-17859p1-_png.rf.90b9b0355120eb52907926017ab9b620.jpg, 1
arvin_517_-v4-_-13889p1-_png.rf.97d539aab3e3ec4026014715e97372cd.jpg, 1
sparton_616_-v4-_-15197p1-_png.rf.974b43312de9c6bb194315ee4b1005e3.jpg, 1
generalelectric_m81_-v5-_-16309p1-_png.rf.982b9d172076e0dce602443d793d7505.jpg, 1
arvin_517_-v4-_-13889p1-_png.rf.9911a0c98003d9a5ebed877395b31e5d.jpg, 1
crosley_5m3_-v4-_-14053p1-_png.rf.920800d3cb867129e76209731d542227.jpg, 1
rca_143_-v6-_-18169p1-_png.rf.9c1cbdd268f4396934930265837f727f.jpg, 1
generalelectric_m81_-v5-_-16309p1-_png.rf.9f9ce529aa6f2fe9e3325709815d0a1d.jpg, 1
zenith_6j230_-v6-_-18430p1-_png.rf.9c0e5213474ecd4701088ff0bb51694d.jpg, 1
emerson_u5a_-v3-_-12819p1-_png.rf.9e21202e385a57cb257a048d17e6aa0f.jpg, 1
fada_160t_-v2-_-11284p1-_png.rf.9a2fb232176fc84ccbef976918f818c2.jpg, 1
zenith_808_-v6-_-18460p1-_png.rf.9a96681c91fc579b990da82b0c1525a5.jpg, 1
zenith_808_-v6-_-18460p1-_png.rf.9c3330da4e74c4d4af32131c2b4ed187.jpg, 1
motorola_5t_-v6-_-18042p1-_png.rf.9a50d82775f68b8f04bb7b3083424b21.jpg, 1
zenith_808_-v6-_-18460p1-_png.rf.a04505d5a767b8232d115476d827f851.jpg, 1
generalelectric_a70_-v6-_-17906p1-_png.rf.a08d66023209356c4ea1966e9ab71825.jpg, 1
rca_9t_-v6-_-18199p1-_png.rf.a4199a3b5b131c6634330ce8368e21a2.jpg, 1
emerson_c134_-v6-_-17860p1-_png.rf.9cbc65d7c7045b1ad5f7ee4c377db6fb.jpg, 1
westinghouse_wr22_-v6-_-18383p1-_png.rf.a4eefde00e66ca8ef602f2d9b55f718e.jpg, 1
grunow_500_-v6-_-17957p1-_png.rf.9678c63858ccaa73024b4f86a7f5eed6.jpg, 1
zenith_5s327_-v3-_-13687p1-_png.rf.9ca3915650db0991d6deaeb33760b9e7.jpg, 1
generalelectric_a70_-v6-_-17906p1-_png.rf.a045d2dba0a76cda736e81c640fb2f86.jpg, 1
arvin_417_-v6-_-17632p1-_png.rf.a5ec5fdf6de0e26e8f12a498284fde4c.jpg, 1
rca_r73_-v5-_-16937p1-_png.rf.a40d649faac994e97c9d065f2acc8c2e.jpg, 1
kadette_77_-v5-_-16455p1-_png.rf.a695980b77f2df1cc7bb5bf2369997b6.jpg, 1
zenith_9s30_-v5-_-17474p1-_png.rf.a462eea2aaae027fd10c75da1c3f8f0f.jpg, 1
arvin_417_-v6-_-17632p1-_png.rf.9fafd797bd17f96eb8d14ad542115661.jpg, 1
zenith_5f134_-v3-_-13681p1-_png.rf.a23bb929ad6df9c0a2fe179ba0fbc228.jpg, 1
zenith_6s128_-v6-_-18433p1-_png.rf.a7db85e8819ed6fba9fa67524cbfb181.jpg, 1
philco_66b_-v3-_-13235p1-_png.rf.a9c042b0464dc964a8b504d72240daf5.jpg, 1
generalelectric_e81_-v2-_-11368p1-_png.rf.a17b9adfc1b3cec4c665fbbbea1aaf07.jpg, 1
zenith_6s128_-v6-_-18433p1-_png.rf.a7e974b8809d8f4d782814eb2a36e56a.jpg, 1
zenith_5s228w_-v3-_-13685p1-_png.rf.a59df0d72c0f80d2042e867b248add07.jpg, 1
zenith_7d127_-v2-_-12349p1-_png.rf.a7cc03eaa9d7f20df5723962c0ac6f2d.jpg, 1
zenith_5s228w_-v3-_-13685p1-_png.rf.aadec4f6c4b297c2b24a897e64d208a1.jpg, 1
zenith_6j230_-v6-_-18430p1-_png.rf.ab79ed95245b829194850fe6201724bd.jpg, 1
rca_r73_-v5-_-16937p1-_png.rf.a38b95cc871ce72400a9b323ad414d1d.jpg, 1
zenith_5s29_-v6-_-18411p1-_png.rf.a5da46704b2ccdd6ebc2989232ce3168.jpg, 1
philco_66b_-v3-_-13235p1-_png.rf.abd31aa68ae0bf933dd5086baceec4de.jpg, 1
airline_62131_-v2-_-10991p1-_png.rf.b0763066fd39925fc738f07d69212a73.jpg, 1
silvertone_1905_-v5-_-17022p1-_png.rf.ab9e0aefd7b8ac88a51ce627a5d6500f.jpg, 1
brunswick_11_-v2-_-11091p1-_png.rf.ab62cf668683b9b754a23e836efa72a9.jpg, 1
rca_t814_-v6-_-18209p1-_png.rf.ac353ba15a0b3bf4d526c1912b1a22ac.jpg, 1
zenith_9s30_-v5-_-17474p1-_png.rf.ab5bac8c1204e1691f6ec4cc3ac1d769.jpg, 1
zenith_6s229_-v6-_-18439p1-_png.rf.abd2a7c83a22b58e735dcd41a6cb4cb5.jpg, 1
philco_66_-v6-_-18129p1-_png.rf.afe3e16c6cebf4229ce38c41f34a2e3f.jpg, 1
airline_62131_-v2-_-10991p1-_png.rf.b40ec9233bc785bd4c83261133d58eed.jpg, 1
emerson_u5a_-v2-_-11279p1-_png.rf.b1ab0027c72eec0e10db22468f1ebef5.jpg, 1
arvin_517_-v4-_-13889p1-_png.rf.abff1dacab6e2d0f5893dfeaa5ea1e34.jpg, 1
crosley_5m3_-v4-_-14053p1-_png.rf.ac17066f093380eba6a19a6351cb616c.jpg, 1
silvertone_1905_-v5-_-17022p1-_png.rf.aed96e2fdcff5b630a95f5ca25ef859b.jpg, 1
sparton_10_-v2-_-12083p1-_png.rf.abfbcba017b3647804fa948dfcb0a50d.jpg, 1
rca_140_-v6-_-18168p1-_png.rf.b10349d846cf5b2fa32b7ef43067dcc5.jpg, 1
silvertone_4665_-v4-_-15111p1-_png.rf.b21b42c40a51e167fdc1470937854a1e.jpg, 1
grunow_570_-v4-_-14456p1-_png.rf.b58414bdc87e9f98ad974e3688ed2533.jpg, 1
sparton_616_-v4-_-15197p1-_png.rf.b42ce9c91572b3bf44e6c20766fcbec4.jpg, 1
rca_r71_-v6-_-18204p1-_png.rf.b55ab5104c5bfdfde6fa557109b13945.jpg, 1
generalelectric_a70_-v6-_-17906p1-_png.rf.b37f8eeda9615a33b97e325158756ad2.jpg, 1
motorola_5t_-v6-_-18042p1-_png.rf.bb8ad73d09830edb947d9a323faf423b.jpg, 1
sparton_617_-v5-_-17149p1-_png.rf.b2d3723d816afb8ae613c276c5d027a6.jpg, 1
rca_r71_-v6-_-18204p1-_png.rf.b88fff339fd7fa25edded9541731cdf0.jpg, 1
sparton_67_-v6-_-18288p1-_png.rf.bd71d6e65e03a41675666e2fef8a27ef.jpg, 1
majestic_59_-v4-_-14590p1-_png.rf.b62da796fa1cc471605dfca074dca379.jpg, 1
sparton_10_-v2-_-12083p1-_png.rf.afa6114aed9e803d648963d5d7d7c8e5.jpg, 1
brunswick_11_-v2-_-11091p1-_png.rf.bc2932757cc5d965aec153f44f9b673a.jpg, 1
motorola_5t_-v6-_-18042p1-_png.rf.b756c2ceeff637b34b1696b35391ec3a.jpg, 1
silvertone_1905_-v5-_-17022p1-_png.rf.bae0bb6cdab459a7ae8e911d19246427.jpg, 1
fada_160t_-v2-_-11284p1-_png.rf.bdfeb94c512c8eac5d99027bda4f9b90.jpg, 1
silvertone_4665_-v4-_-15111p1-_png.rf.b91d9e67ada9efc1f14dcec8d50d7464.jpg, 1
rca_143_-v6-_-18169p1-_png.rf.bee900e01171e326ad21becc85390641.jpg, 1
emerson_45_-v4-_-14169p1-_png.rf.be8e88aa159932a3df7ab866c4d735fc.jpg, 1
crosley_527_-v2-_-11145p1-_png.rf.bf05428b2bd9a39cc324ffddb29d3b1a.jpg, 1
rca_r8_-v4-_-14998p1-_png.rf.b0c3060d0b00b63f0c779eafaa564975.jpg, 1
emerson_45_-v4-_-14169p1-_png.rf.bcbad371f24845b1e867a6e99ba369cd.jpg, 1
arvin_517_-v6-_-17637p1-_png.rf.bc60ce64f6346580b4f3300211c645e3.jpg, 1
philco_3835_-v4-_-14766p1-_png.rf.56a58f949fcd8af2cf5e3d5d32e84644.jpg, 1
philco_3835_-v4-_-14766p1-_png.rf.01b0920195817e47f8e9c5bfe19bcdf0.jpg, 1
sparton_67_-v6-_-18288p1-_png.rf.02f44e7048cd9cd75e6b603e57b289ec.jpg, 1
majestic_310a_-v4-_-14586p1-_png.rf.0019786acbfb5943aa0094082f5da84e.jpg, 1
zenith_6s229_-v6-_-18439p1-_png.rf.01d7fbb250249adcb951f7faee5f7500.jpg, 1
silvertone_1954_-v3-_-13427p1-_png.rf.01c8ea7f0295a028091659c7734404a3.jpg, 1
crosley_517_-v5-_-15874p1-_png.rf.009fe918bcae6e85a196e4cb0a65369b.jpg, 1
generalelectric_m61_-v6-_-17928p1-_png.rf.01342563eb448ea0b32772b3129b45cd.jpg, 1
rca_143_-v6-_-18169p1-_png.rf.0281ba51cb260dd6b0ceda5c1c729b09.jpg, 1
zenith_5s127_-v6-_-18408p1-_png.rf.05050d4b6b4148dc6e5a6c3519cabf6d.jpg, 1
majestic_59_-v4-_-14590p1-_png.rf.04828872bc09afaf740e51ebf6c82207.jpg, 1
sparton_67_-v6-_-18288p1-_png.rf.0350712d97635e7457d251abe83c13ce.jpg, 1
zenith_5f134_-v3-_-13681p1-_png.rf.035de438a5f312878d97b2b6147ef5ea.jpg, 1
rca_6t_-v6-_-18182p1-_png.rf.02408c39af52dd36e91c7a3bed5f7b0f.jpg, 1
airline_62131_-v2-_-10991p1-_png.rf.068a23d4f592917bbba89ff3789c2318.jpg, 1
zenith_7d127_-v2-_-12349p1-_png.rf.059fd136e3e3f6348d742d59ec0d5ee9.jpg, 1
arvin_417_-v6-_-17632p1-_png.rf.03fd03a07a019aa786d798e69bb33a80.jpg, 1
zenith_6j230_-v6-_-18430p1-_png.rf.068ed9465090ebe50e128369cd2e9b28.jpg, 1
rca_125_-v6-_-18166p1-_png.rf.09fda0184b397085e3f8fcd44fea2620.jpg, 1
rca_t101_-v3-_-13347p1-_png.rf.05be15f68351330c8a4cfec8f768b641.jpg, 1
usradio_9a_-v5-_-17330p1-_png.rf.0842e0e0a1faa5ef3005b7be51c33a0a.jpg, 1
rca_140_-v6-_-18168p1-_png.rf.062df89a47803ca3caba92f0b5c8b6fd.jpg, 1
rca_143_-v6-_-18169p1-_png.rf.081c5842036ef0c6ff1766b4659beeb0.jpg, 1
rca_6t2_-v4-_-14964p1-_png.rf.09c5916581a38edb4ccc6e8ddcec5ef3.jpg, 1
arvin_517_-v6-_-17637p1-_png.rf.09c1d07734ebbe7b6b458643add7d7ef.jpg, 1
zenith_5s29_-v3-_-13686p1-_png.rf.0810b8c49af9825347d3ad8aa35dc821.jpg, 1
westinghouse_wr214_-v2-_-12306p1-_png.rf.06de585426510217e1e03d70900a634b.jpg, 1
sparton_616_-v4-_-15197p1-_png.rf.0c76d90e6b6f2b12bf11afe1513e27ab.jpg, 1
zenith_10s130_-v6-_-18394p1-_png.rf.07624b9b4a9ca3f9258f5178b4c20fcf.jpg, 1
silvertone_1905_-v5-_-17022p1-_png.rf.0a744bf20ab18032d79c0792ab6347bf.jpg, 1
generalelectric_e81_-v2-_-11368p1-_png.rf.0b44153aebb2ab203f46c8e8c03918c9.jpg, 1
zenith_5s29_-v3-_-13686p1-_png.rf.0a9668d85f93b60271e43e798aa2669a.jpg, 1
westinghouse_wr214_-v2-_-12306p1-_png.rf.10bfd8195f1660142e78a0ba360bad26.jpg, 1
zenith_6s27_-v6-_-18440p1-_png.rf.0a935518ba5508b0fcea8c934fb4cedc.jpg, 1
zenith_7j232_-v6-_-18446p1-_png.rf.0f0a6c2fac6658d4ffdb440e0993c32b.jpg, 1
majestic_461_-v3-_-13048p1-_png.rf.0a789361164d0e97c838343b39a8a557.jpg, 1
kadette_77_-v5-_-16455p1-_png.rf.0f348c32d283b189247b6a8b5439b409.jpg, 1
rca_5t_-v2-_-11899p1-_png.rf.0fd871aff1ad3bc30c360896f240a98a.jpg, 1
rca_140_-v6-_-18168p1-_png.rf.0cd7ed52583ec164b26e82a64c0c95b5.jpg, 1
generalelectric_m61_-v6-_-17928p1-_png.rf.0da33fd3d287f68b883473ada9332a68.jpg, 1
westinghouse_wr214_-v2-_-12306p1-_png.rf.1151df0e30a661d4967f70f0ac822541.jpg, 1
arvin_517_-v4-_-13889p1-_png.rf.1278fe83e9ce68484836b5aa0b43100d.jpg, 1
emerson_45_-v4-_-14169p1-_png.rf.09ff544ecae7c6d04e3792de643f4005.jpg, 1
westinghouse_wr22_-v6-_-18383p1-_png.rf.117fc6c6db0f45554ae288975e07ac5c.jpg, 1
crosley_5m3_-v4-_-14053p1-_png.rf.1370471698cb1b1ff24bd65b0cb542e3.jpg, 1
philco_116b_-v4-_-14744p1-_png.rf.16ffdb15fa49ed0dabc208daa5834a14.jpg, 1
rca_r7a_-v4-_-14996p1-_png.rf.0f76433e5473b840173f4bbf66e0e947.jpg, 1
generalelectric_e81_-v2-_-11368p1-_png.rf.131bf2a81a209aa21bd4f058804e8814.jpg, 1
zenith_5f134_-v3-_-13681p1-_png.rf.12a6bec7f6e1a33cd068bb57aca80d8b.jpg, 1
emerson_c134_-v6-_-17860p1-_png.rf.1467a6889bba66e6b72304100f651359.jpg, 1
emerson_c134_-v6-_-17860p1-_png.rf.16ea942aca734115e6e082851e7c9c2d.jpg, 1
usradio_9a_-v5-_-17330p1-_png.rf.1720db367b4948600573e35e22fdc3c4.jpg, 1
rca_r7a_-v4-_-14996p1-_png.rf.1a4bc99810bc9bddfb0304eb9ebf6946.jpg, 1
westinghouse_wr23_-v5-_-17384p1-_png.rf.143dd74918de42003bf6f1f70ad38bf6.jpg, 1
rca_r74_-v5-_-16938p1-_png.rf.18ecdfb0ce352ec46f33652a0bc7ce27.jpg, 1
rca_6t_-v6-_-18182p1-_png.rf.196c43f93a0d10013d1cdcf25a13d5f8.jpg, 1
rca_r8_-v4-_-14998p1-_png.rf.19a4797ce904c29a27d41e7cb54c128a.jpg, 1
emerson_u5a_-v3-_-12819p1-_png.rf.1155dd4b615e86c81b76cf768e790c0b.jpg, 1
zenith_5s29_-v6-_-18411p1-_png.rf.17b7b20520f19504dc1f566cca77debd.jpg, 1
rca_140_-v6-_-18168p1-_png.rf.19812eb154d837041a20a1bf1565471f.jpg, 1
rca_r71_-v6-_-18204p1-_png.rf.17a14289afafc3d8008cf5630e552af3.jpg, 1
rca_140_-v6-_-18168p1-_png.rf.1aaf5cf588d74b2e0e8bef39b72c77a7.jpg, 1
rca_t101_-v3-_-13347p1-_png.rf.1db4786772a0f61289ea453d71fc664a.jpg, 1
zenith_5s127_-v6-_-18408p1-_png.rf.08d46d27914d584487f921573c93e7ad.jpg, 1
emerson_c134_-v6-_-17860p1-_png.rf.1b45b2d8b43826f67bea34fca432c260.jpg, 1
majestic_59_-v4-_-14590p1-_png.rf.1be9e7a2ed413c17154eade425ec9cfb.jpg, 1
majestic_310a_-v4-_-14586p1-_png.rf.1ac93b3734a25e7f6aa2ce08a44f1695.jpg, 1
zenith_5s327_-v3-_-13687p1-_png.rf.17e229fa577bfdd03f2d5af90a7e9c16.jpg, 1
rca_7t1_-v6-_-18193p1-_png.rf.1f51a19622017aa72b34bd163102e6b2.jpg, 1
westinghouse_wr28_-v4-_-15399p1-_png.rf.1e309b7e53e05f22ef2ded0391f0dc84.jpg, 1
rca_r74_-v5-_-16938p1-_png.rf.1ffc0cf2a3886e7c6cc282f3bfb1a85e.jpg, 1
zenith_5s228w_-v3-_-13685p1-_png.rf.1c32ee76764dafbf4ee8b90117f63f20.jpg, 1
philco_116b_-v4-_-14744p1-_png.rf.1f385a90a497fab293da3007142c2609.jpg, 1
zenith_5s228w_-v3-_-13685p1-_png.rf.23abe8ef551a2c1f7dfce7d44cc1bc4a.jpg, 1
majestic_161_-v6-_-18014p1-_png.rf.1d611a16232c15cc85ecd57d82e549b2.jpg, 1
emerson_c134_-v6-_-17860p1-_png.rf.1f45b1df2ca63d0296114dbefd20476c.jpg, 1
zenith_6s229_-v6-_-18439p1-_png.rf.18aa9ed466dcb7e7edeac074a47382f1.jpg, 1
emerson_28_-v6-_-17802p1-_png.rf.20b96b13e87c5a74ca8f7beeb79eb3e9.jpg, 1
rca_t101_-v3-_-13347p1-_png.rf.1cb3a243c9e83a0d06c973937e77798f.jpg, 1
zenith_6j230_-v6-_-18430p1-_png.rf.218e09ca76673e72104e002ca32c1dad.jpg, 1
generalelectric_e81_-v2-_-11368p1-_png.rf.1e501899aa62fe843dd47ed389f9c0d5.jpg, 1
rca_6t_-v6-_-18182p1-_png.rf.243e659c3abf5355b194c697764f74bb.jpg, 1
grunow_750_-v4-_-14463p1-_png.rf.24ac598a66bbf33a986ba1b24ce8c145.jpg, 1
crosley_517_-v5-_-15874p1-_png.rf.1f1f90c4585769c66570b616543aab92.jpg, 1
crosley_6h2_-v4-_-14059p1-_png.rf.243f73899e4fcc0d4c8c82fa3a56e214.jpg, 1
rca_r74_-v5-_-16938p1-_png.rf.24f737336fcd1a9cf857f3a90ec1d6d9.jpg, 1
westinghouse_wr22_-v6-_-18383p1-_png.rf.279e96a266bf485c522118e7cd6c6644.jpg, 1
majestic_161_-v6-_-18014p1-_png.rf.254d83e4c417bb6362436827e3cb6212.jpg, 1
zenith_5s29_-v6-_-18411p1-_png.rf.2533422e674339e6774847a4c650ba14.jpg, 1
emerson_45_-v4-_-14169p1-_png.rf.29ad790a53b215d5a4c078dde4d2bbfb.jpg, 1
emerson_108_-v5-_-16008p1-_png.rf.24fe8a57d1497943e5cc05d709459b07.jpg, 1
usradio_9a_-v5-_-17330p1-_png.rf.2c92bb80128489776cb3d08b3a0180b0.jpg, 1
rca_6t_-v6-_-18182p1-_png.rf.28e5955372960026f4dec7f5ebe1ef5b.jpg, 1
crosley_527_-v2-_-11145p1-_png.rf.2beb57e92c80e925114312a9f5f75157.jpg, 1
grunow_750_-v6-_-17962p1-_png.rf.2b82eb50d52f339264c342166848b035.jpg, 1
emerson_bt245_-v6-_-17859p1-_png.rf.290f9bff9718ba80fb1347e0d848d9c5.jpg, 1
grunow_570_-v4-_-14456p1-_png.rf.2ccb9c96f1f7735d85aa2db81debdf4f.jpg, 1
delco_1107_-v2-_-11178p1-_png.rf.2a63181a86d5b78d94be6d49a7b4a601.jpg, 1
rca_7t1_-v6-_-18193p1-_png.rf.2bc6787d7ef95ed71290cb7539159c35.jpg, 1
rca_t101_-v3-_-13347p1-_png.rf.24e00b507070fa50af631e23a8ba7d61.jpg, 1
grunow_580_-v4-_-14459p1-_png.rf.2894abc3f22a03186d338cd7af7f1d2b.jpg, 1
majestic_461_-v3-_-13048p1-_png.rf.2c102aed43a6aa5281a25e413734df66.jpg, 1
usradio_9a_-v5-_-17330p1-_png.rf.2ea0a61d4fce39d832cd692a0eeae334.jpg, 1
silvertone_1954_-v3-_-13427p1-_png.rf.2d380380d726fcf958389da30b43b430.jpg, 1
rca_r8_-v4-_-14998p1-_png.rf.2d3983e72f2eb951fdfbc248e574a3d1.jpg, 1
zenith_5s127_-v6-_-18408p1-_png.rf.302abc0922aa0eba8de4850c715ef21c.jpg, 1
usradio_9a_-v5-_-17330p1-_png.rf.3007517a6960d8c90cb537adf394b1cc.jpg, 1
rca_r74_-v5-_-16938p1-_png.rf.2ed868f26b908d97409b55ec9950dc7c.jpg, 1
zenith_6s229_-v6-_-18439p1-_png.rf.2f49ba367d6e4d0a64bf716ae3870ea3.jpg, 1
zenith_6j230_-v6-_-18430p1-_png.rf.32efdf26258c297ac133a1e0a96eb73e.jpg, 1
sparton_617_-v5-_-17149p1-_png.rf.3198e3975185f0d289db1294a4362541.jpg, 1
philco_66_-v6-_-18129p1-_png.rf.30556fda95ed9fb7eb030b9bf7e51671.jpg, 1
rca_t101_-v3-_-13347p1-_png.rf.2fdefe5a824c125df2725828ea41a5ee.jpg, 1
rca_118_-v6-_-18165p1-_png.rf.369e9b37acbc29941971f2958c8611f6.jpg, 1
fada_160t_-v2-_-11284p1-_png.rf.35c5653b9846962e6613109ff5b2fb8c.jpg, 1
majestic_15_-v3-_-13040p1-_png.rf.29d754ee992e000b8fd9e6547fc6e29c.jpg, 1
arvin_417_-v6-_-17632p1-_png.rf.3475f5cda0e0288b37534f70866762c3.jpg, 1
majestic_161_-v6-_-18014p1-_png.rf.34ced3a563a47780b8f9939a937328c0.jpg, 1
rca_r73_-v5-_-16937p1-_png.rf.325dd1c05c7027bb7a41f2560df59a6b.jpg, 1
philco_116b_-v4-_-14744p1-_png.rf.379135a52af1d1482de26c36139a9ddf.jpg, 1
silvertone_1905_-v5-_-17022p1-_png.rf.36b803bee0c57f58ba600c287d13f8f7.jpg, 1
zenith_288_-v6-_-18397p1-_png.rf.35b1c201797394978450a42678f941ea.jpg, 1
zenith_5s29_-v4-_-15434p1-_png.rf.37893ea27609ae2a9692c2bfb4dea88f.jpg, 1
rca_143_-v6-_-18169p1-_png.rf.39ff427b4dfede65f11eb8714569a199.jpg, 1
delco_1107_-v2-_-11178p1-_png.rf.354263a0470d6023f6abb88eca593add.jpg, 1
zenith_5s29_-v6-_-18411p1-_png.rf.379318818d1692a7674559aa6bb08d23.jpg, 1
crosley_5m3_-v4-_-14053p1-_png.rf.3bea4445445ee0fa31aabd20b8936fba.jpg, 1
rca_118_-v6-_-18165p1-_png.rf.3af1dc0234a909d9067ed9ab48b5c986.jpg, 1
emerson_u5a_-v2-_-11279p1-_png.rf.3cd634327f5d7f51b110687d4f2ab3da.jpg, 1
zenith_5s127_-v6-_-18408p1-_png.rf.3628f4bdade51637eb5528782e8b5e30.jpg, 1
rca_6t2_-v4-_-14964p1-_png.rf.3682ad1474d258d304f6fc63de4e5f6a.jpg, 1
crosley_6h2_-v4-_-14059p1-_png.rf.3da5965d2ec070f6478b9fa5302d78a3.jpg, 1
emerson_28_-v6-_-17802p1-_png.rf.39617f9d330092164ce8e5c3adea8efa.jpg, 1
rca_125_-v6-_-18166p1-_png.rf.3dcbce059b4f03236e38b58c05286420.jpg, 1
sparton_67_-v6-_-18288p1-_png.rf.3921ae0c3a970a87d7b16835ba6ba7a0.jpg, 1
zenith_5s29_-v6-_-18411p1-_png.rf.39c8ca20fd8fb77720b09414e0ee7783.jpg, 1
zenith_5s228w_-v3-_-13685p1-_png.rf.3dfa5348cc976733eb7b76a35f38c136.jpg, 1
emerson_u5a_-v3-_-12819p1-_png.rf.3de5d819f07f43825d8ad25ec6729d06.jpg, 1
zenith_5s29_-v4-_-15434p1-_png.rf.389a8cb4c0fb32f6b9adea0ac2b582e2.jpg, 1
arvin_517_-v4-_-13889p1-_png.rf.3e546251ff24569f39016ff1009273d0.jpg, 1
kadette_77_-v5-_-16455p1-_png.rf.39e31b7ca0f71a83d2f34cad9ff0b0e4.jpg, 1
zenith_5s327_-v3-_-13687p1-_png.rf.3f9eb75c7bf780d63cbe691183518e50.jpg, 1
emerson_bt245_-v6-_-17859p1-_png.rf.405ea2e6276b079eacaacf2a768b65dc.jpg, 1
emerson_c134_-v6-_-17860p1-_png.rf.411e74d05b7f9cd25b4c9de4bcd4680e.jpg, 1
sparton_616_-v4-_-15197p1-_png.rf.39886a4dbd56e47590bb5f9806e1f2e4.jpg, 1
zenith_5s127_-v6-_-18408p1-_png.rf.36feef88f7130a2093cd7edfc8a09279.jpg, 1
zenith_5s127_-v6-_-18408p1-_png.rf.447815b3a64bac915dee8171898a6d13.jpg, 1
grunow_580_-v4-_-14459p1-_png.rf.40f8adcc0a1d9194ffa8e72be282ced4.jpg, 1
grunow_570_-v4-_-14456p1-_png.rf.428dd7c6b41f1b12fab2e6cf295d7ed7.jpg, 1
airline_62131_-v2-_-10991p1-_png.rf.434c2b7bc5cdc42313503c699ef8d438.jpg, 1
rca_7t1_-v6-_-18193p1-_png.rf.3e639733c59c8229a6666efbd8e0e949.jpg, 1
emerson_108_-v5-_-16008p1-_png.rf.45182036bb173760c62d63b1d43ca887.jpg, 1
generalelectric_e81_-v2-_-11368p1-_png.rf.4148565113ad551f1d629555f75783d1.jpg, 1
generalelectric_a70_-v6-_-17906p1-_png.rf.461729963ab10707e7003017060662b0.jpg, 1
grunow_750_-v6-_-17962p1-_png.rf.44ff2fc170914e5f6437aaaa220cb199.jpg, 1
airline_62177_-v3-_-12478p1-_png.rf.462eb5c16a98fe3ff82693cf454513de.jpg, 1
silvertone_1954_-v3-_-13427p1-_png.rf.45407fd346d7d6af79323065f3d0789c.jpg, 1
crosley_6h2_-v4-_-14059p1-_png.rf.42b90265223a083b629b4c10e20d359c.jpg, 1
generalelectric_m81_-v5-_-16309p1-_png.rf.4310650dc49cbf4ce61404e947097df8.jpg, 1
generalelectric_m81_-v5-_-16309p1-_png.rf.3fae9e7752fdb047e91397f0aa940e62.jpg, 1
rca_7t1_-v6-_-18193p1-_png.rf.486e26879fd8729be3b03a635484672e.jpg, 1
motorola_5t_-v6-_-18042p1-_png.rf.47a457f8a756eac47da1894a221b47f5.jpg, 1
rca_118_-v6-_-18165p1-_png.rf.4632d1d1c4a2b1c6a6061989f8bbc8b1.jpg, 1
rca_118_-v6-_-18165p1-_png.rf.488423d3c74b218a45f5570a56a5c5b4.jpg, 1
airline_62177_-v3-_-12478p1-_png.rf.47e6409c01977b5011fe88aef7366604.jpg, 1
rca_6t2_-v4-_-14964p1-_png.rf.486fb0303efafaaac1648a567ff03490.jpg, 1
brunswick_11_-v2-_-11091p1-_png.rf.489460e5e66e98de21ad651f3199fa91.jpg, 1
grunow_500_-v6-_-17957p1-_png.rf.462f569f5d584cc953611c8463eecdcd.jpg, 1
silvertone_1905_-v5-_-17022p1-_png.rf.22edda78e74a1485db18bd8ae6d276c1.jpg, 1
rca_5t_-v2-_-11899p1-_png.rf.bf62e82367feb15d8ca0b1d46132ed28.jpg, 1
grunow_500_-v6-_-17957p1-_png.rf.bf31b99d1dd82caec657ab17f8df2d22.jpg, 1
zenith_7d127_-v2-_-12349p1-_png.rf.bf356af614d3eea5626dd9c389ec713f.jpg, 1
zenith_6s128_-v6-_-18433p1-_png.rf.c2745ec51bfb616dbb057d0887741896.jpg, 1
zenith_6s27_-v6-_-18440p1-_png.rf.c5f599ae204fccb68f00646bba5f6403.jpg, 1
rca_9t_-v6-_-18199p1-_png.rf.c2e00d098f04895811d5abc6e132acf3.jpg, 1
majestic_15_-v3-_-13040p1-_png.rf.bf67848911ca85b0788dce85c889dc4c.jpg, 1
silvertone_4665_-v4-_-15111p1-_png.rf.c4626b008e06798e0788f2b284348f8a.jpg, 1
grunow_580_-v4-_-14459p1-_png.rf.c0f27b10523e259904079a9ca124115d.jpg, 1
rca_143_-v6-_-18169p1-_png.rf.c3c687e4d2115c743a08af848c416618.jpg, 1
grunow_500_-v6-_-17957p1-_png.rf.c1c705b4f246e7b0ce999f4108c93efe.jpg, 1
westinghouse_wr28_-v4-_-15399p1-_png.rf.c0f584e31de5e6c964a4d112cb96738c.jpg, 1
zenith_288_-v6-_-18397p1-_png.rf.bf50f31ac3e969abae815027ce198205.jpg, 1
zenith_5f134_-v3-_-13681p1-_png.rf.c52f9430c3b35135d816fe9a2a30bc07.jpg, 1
westinghouse_wr22_-v6-_-18383p1-_png.rf.c3d8a0c44fbe850d852986b00a7dd20e.jpg, 1
rca_125_-v6-_-18166p1-_png.rf.c9225638d8cc49915904529f777b7b90.jpg, 1
majestic_310a_-v4-_-14586p1-_png.rf.c63be651e1eb4e3203166ea7261d6a8f.jpg, 1
grunow_750_-v4-_-14463p1-_png.rf.c3ef40bf2d4a082d7d610df6328e89c0.jpg, 1
zenith_288_-v6-_-18397p1-_png.rf.c740ba0155e9eb3dddcaba4e1ede0c02.jpg, 1
zenith_5f134_-v3-_-13681p1-_png.rf.c4e3eefe5de15d93645a3707ef0cde6b.jpg, 1
crosley_527_-v2-_-11145p1-_png.rf.c41a421a707b5c24a462c1e8647cfffc.jpg, 1
fada_160t_-v2-_-11284p1-_png.rf.caaac8052b723bbb1c74fa7c7a64661d.jpg, 1
kadette_77_-v5-_-16455p1-_png.rf.c66ce68f7d972bccf9b8671f980aec68.jpg, 1
rca_9t_-v6-_-18199p1-_png.rf.c9c3f6ef70fdfcd44a6d41b83fa774d8.jpg, 1
rca_r71_-v6-_-18204p1-_png.rf.c9a8f5c9279a1fca6368c16c054e7e57.jpg, 1
emerson_u5a_-v3-_-12819p1-_png.rf.c79733820c129b96f3e850f273fef066.jpg, 1
grunow_580_-v4-_-14459p1-_png.rf.cb09eb293ec9ff22afbd19417d337b42.jpg, 1
rca_7t1_-v6-_-18193p1-_png.rf.cb1437656318354e65e9260da3fbe3e9.jpg, 1
sparton_67_-v6-_-18288p1-_png.rf.cf74e32ba8c6aec4dc8b2c89e8bb4762.jpg, 1
motorola_5t_-v6-_-18042p1-_png.rf.cbffbf83481da42da00deac0701c548f.jpg, 1
emerson_45_-v4-_-14169p1-_png.rf.ccb543fe3f17efb0c6c225b868b4be77.jpg, 1
zenith_5f134_-v3-_-13681p1-_png.rf.cfc253ec5b7c771f50fe8c45909bb74d.jpg, 1
generalelectric_m61_-v6-_-17928p1-_png.rf.cda8c1f15223706e50b7924bfea873b9.jpg, 1
crosley_6h2_-v4-_-14059p1-_png.rf.d0193aa5ae98150ce039bdd7bec8bc60.jpg, 1
motorola_5t_-v6-_-18042p1-_png.rf.d477726c7a0acc6a2937da1ec78544a1.jpg, 1
rca_5t_-v2-_-11899p1-_png.rf.d1268f35e241878d9e40a10c8ab4c090.jpg, 1
zenith_808_-v6-_-18460p1-_png.rf.d61e336f6940e4e441c131ca06280b2b.jpg, 1
zenith_5s29_-v4-_-15434p1-_png.rf.d032f211f3dd730233bb274804292a5f.jpg, 1
grunow_570_-v4-_-14456p1-_png.rf.d0c8098541a073f909bd491cb52c2778.jpg, 1
rca_143_-v6-_-18169p1-_png.rf.cc7bbb244703b7b5440feac4e79ac5fd.jpg, 1
zenith_6j230_-v6-_-18430p1-_png.rf.d48746bbd6eee50a545453a838e9f935.jpg, 1
silvertone_1954_-v3-_-13427p1-_png.rf.d884275cea3d3f2b53f66222a501149b.jpg, 1
philco_3835_-v4-_-14766p1-_png.rf.d0500b977f061ec3d83fdcc837e5d97f.jpg, 1
emerson_u5a_-v3-_-12819p1-_png.rf.d4fea8292dd804627faaaab91a9d5fa3.jpg, 1
airline_62177_-v3-_-12478p1-_png.rf.d060558d5dc9ea3eb0b06bfaada9c817.jpg, 1
generalelectric_m61_-v6-_-17928p1-_png.rf.d474f465e0db646a32989cc2890a8e97.jpg, 1
silvertone_1954_-v3-_-13427p1-_png.rf.d501adc1e54cbb58f1c6a6d1c0147d16.jpg, 1
delco_1107_-v2-_-11178p1-_png.rf.d89991f42c51d224c1cd4d9ea6edb05b.jpg, 1
zenith_9s30_-v5-_-17474p1-_png.rf.d6798402d7bc05345d419e7abd563b01.jpg, 1
rca_6t2_-v4-_-14964p1-_png.rf.d45bf6f8a3f98922aba25001338e3afc.jpg, 1
sparton_617_-v5-_-17149p1-_png.rf.d3e2f4ee3b47b885958fdad4917c6254.jpg, 1
philco_66_-v6-_-18129p1-_png.rf.dadf7939baf6f4b60b5e2a347c96193c.jpg, 1
crosley_517_-v5-_-15874p1-_png.rf.d7f9b6c7fd93e085ac1ca4625de45f52.jpg, 1
zenith_288_-v6-_-18397p1-_png.rf.da8f92281e247f79bf55e132c616397a.jpg, 1
zenith_6s27_-v6-_-18440p1-_png.rf.db4e8e2bd45411407cf711d9df37b740.jpg, 1
fada_160t_-v2-_-11284p1-_png.rf.d9f0ce350722e0d2197a45d6da56aedf.jpg, 1
grunow_750_-v4-_-14463p1-_png.rf.dc50ba3782b7d526dea10834168d438d.jpg, 1
grunow_750_-v4-_-14463p1-_png.rf.dcee1d60243ca28cd6d2b9c1686e6251.jpg, 1
zenith_6s229_-v6-_-18439p1-_png.rf.ddf318a53556b16dab69bb6b78e77be4.jpg, 1
generalelectric_m61_-v6-_-17928p1-_png.rf.de755f80d9ab30814e12b90a1cb10110.jpg, 1
grunow_580_-v4-_-14459p1-_png.rf.dd8b5706e49f5826331ce74467cb48c0.jpg, 1
brunswick_11_-v2-_-11091p1-_png.rf.dfcd7e3715bba3d293c89d5f4d6ba9fa.jpg, 1
zenith_9s30_-v5-_-17474p1-_png.rf.e166674793fe37d82a69ed6036ae0ab2.jpg, 1
zenith_808_-v6-_-18460p1-_png.rf.dda93c8585f7c2f49815bb0294d76cc0.jpg, 1
sparton_616_-v4-_-15197p1-_png.rf.dbcb7e11a2d4a269bac145ad71d2b3e3.jpg, 1
emerson_108_-v5-_-16008p1-_png.rf.dfc5a228f2c6e7d81021c24b5a10dfa8.jpg, 1
arvin_417_-v6-_-17632p1-_png.rf.e03d349bf2630da599d2eda75d77ea9b.jpg, 1
westinghouse_wr214_-v2-_-12306p1-_png.rf.e0fdf62af2c9b222106030cede96bfea.jpg, 1
zenith_9s30_-v5-_-17474p1-_png.rf.de9d197e82fafda5a2a13ba0a61bfe4b.jpg, 1
rca_7t1_-v6-_-18193p1-_png.rf.e54c09dbfbdda96accd1b1d5a7c1b0a7.jpg, 1
rca_9t_-v6-_-18199p1-_png.rf.e2c7576e4339a658fd60fa139d77c985.jpg, 1
sparton_67_-v6-_-18288p1-_png.rf.df2bde4106f3a1357d9fd227c2cbc8e9.jpg, 1
zenith_6s128_-v6-_-18433p1-_png.rf.ddd229540a2531bcc3e018bb811401ca.jpg, 1
zenith_10s130_-v6-_-18394p1-_png.rf.e0e5913f67b72f1581846138e691e82b.jpg, 1
rca_6t_-v6-_-18182p1-_png.rf.e535a56ff916827d4f0d8bc2103ba958.jpg, 1
zenith_5s29_-v4-_-15434p1-_png.rf.e1f6cd1423d60c472ad162c7afbb74b5.jpg, 1
grunow_750_-v6-_-17962p1-_png.rf.e29aab6bf4a71362ce253e724b73090e.jpg, 1
emerson_34c_-v6-_-17806p1-_png.rf.e7dba614e93fb121945a365d8ac5cfed.jpg, 1
zenith_7d127_-v2-_-12349p1-_png.rf.e1ddc252b82ee6e3c085214b61344ed6.jpg, 1
philco_116b_-v4-_-14744p1-_png.rf.e8b0f4d50d75555de095b826ebd71910.jpg, 1
delco_1107_-v2-_-11178p1-_png.rf.e7e0685c6d724fb949127fbca64c6078.jpg, 1
grunow_750_-v4-_-14463p1-_png.rf.e9397cc31f7ab81e53d087372f0277df.jpg, 1
westinghouse_wr214_-v2-_-12306p1-_png.rf.e142340984c631d4777642a8ed9521c1.jpg, 1
majestic_161_-v6-_-18014p1-_png.rf.e7f836ea6165627dbd6fa0ba9f996db1.jpg, 1
silvertone_4665_-v4-_-15111p1-_png.rf.eaa3886581f4add212c0cdea99b14e1c.jpg, 1
zenith_8s129_-v5-_-17465p1-_png.rf.ed8863e779303deb068be60e4d6bbe23.jpg, 1
zenith_808_-v6-_-18460p1-_png.rf.ea1d69c015730c5b08d1ebd4e7f07bfa.jpg, 1
rca_125_-v6-_-18166p1-_png.rf.e7bb9b8b65ab7fe7b9760e810fd93421.jpg, 1
zenith_5s127_-v6-_-18408p1-_png.rf.ea345e78047c670cb890ee73180d37da.jpg, 1
majestic_161_-v6-_-18014p1-_png.rf.ebe6563513b645bebdc22ae9c79cfc51.jpg, 1
emerson_34c_-v6-_-17806p1-_png.rf.e6c0b54929f4da8eba6e0558758e9b4e.jpg, 1
airline_62177_-v3-_-12478p1-_png.rf.ece3f790e3bbc593dc402f32710fe685.jpg, 1
emerson_34c_-v6-_-17806p1-_png.rf.ee30e45431ff3daa814db146db4171f2.jpg, 1
grunow_750_-v4-_-14463p1-_png.rf.edfabf94bd8d17123c16988097187fe7.jpg, 1
delco_1107_-v2-_-11178p1-_png.rf.ee7ff0e9ee1c7ab3394b8d5953fb990b.jpg, 1
generalelectric_a70_-v6-_-17906p1-_png.rf.ec957fd23cfe843991db009bd1b2b907.jpg, 1
westinghouse_wr22_-v6-_-18383p1-_png.rf.ec4e84352288233ba1a42bd63a2e69da.jpg, 1
crosley_6h2_-v4-_-14059p1-_png.rf.ed01147f6d9e7ad1abaa0add2f1e7b5e.jpg, 1
silvertone_1954_-v3-_-13427p1-_png.rf.eb90537cf6bf29158d221c7059909d2f.jpg, 1
silvertone_1905_-v5-_-17022p1-_png.rf.ede6688caeba33244c998102f5e04964.jpg, 1
fada_160t_-v2-_-11284p1-_png.rf.edc28154a54ae3bf5c01b19bc9b32f4f.jpg, 1
sparton_617_-v5-_-17149p1-_png.rf.eff0c58d5c8528976c1d3135c3671da9.jpg, 1
rca_r7a_-v4-_-14996p1-_png.rf.efe47f0cc65fb01cff3a9848cedcd097.jpg, 1
rca_5t_-v2-_-11899p1-_png.rf.ef3107d3f4f59e6387807b155eaa954d.jpg, 1
rca_6t_-v6-_-18182p1-_png.rf.ef7ea895bbdc8e81322e7a1b77e78695.jpg, 1
emerson_c134_-v6-_-17860p1-_png.rf.f1290d045c42d04b7c6de7ef30308ae0.jpg, 1
rca_r7a_-v4-_-14996p1-_png.rf.ef0f297728e4161fcdd6573f350bc1bf.jpg, 1
rca_r8_-v4-_-14998p1-_png.rf.ebf79dc2749f4ca0ef872c9c450ff202.jpg, 1
westinghouse_wr23_-v5-_-17384p1-_png.rf.f20d7c75daf1afc91d6aaf44a90349c3.jpg, 1
rca_5t_-v2-_-11899p1-_png.rf.f67074cf7f3cf80426f41480eed552dc.jpg, 1
zenith_7j232_-v6-_-18446p1-_png.rf.f29fd24ce66c6523a0c807d9d1445a3c.jpg, 1
emerson_28_-v6-_-17802p1-_png.rf.f0761ca88ac63dea49f7c15f40d6621c.jpg, 1
crosley_527_-v2-_-11145p1-_png.rf.f6f6b166010f1ae5ca575861a87ff7e6.jpg, 1
emerson_u5a_-v2-_-11279p1-_png.rf.e79e3c2034a1d4534db21357ff2615d2.jpg, 1
zenith_288_-v6-_-18397p1-_png.rf.f337be0c88e50454823db7867b270f22.jpg, 1
arvin_517_-v4-_-13889p1-_png.rf.f53d86cb2b8f449fd2770e9a2063a375.jpg, 1
majestic_59_-v4-_-14590p1-_png.rf.f71e914921ce3f5f887ba00cd0a857df.jpg, 1
generalelectric_m81_-v5-_-16309p1-_png.rf.f7071abe9596225d76bd15383a646335.jpg, 1
sparton_10_-v2-_-12083p1-_png.rf.f8fa04e272ec884c83835124d7e704a4.jpg, 1
rca_r74_-v5-_-16938p1-_png.rf.f4a284188630a67a2be0e35aba556ad5.jpg, 1
rca_t101_-v3-_-13347p1-_png.rf.f6f2fb1236e3b6e54bdb42c2df8cc319.jpg, 1
zenith_288_-v6-_-18397p1-_png.rf.f7975c6333220133d9ce109316ac1fa6.jpg, 1
rca_r73_-v5-_-16937p1-_png.rf.f7c6d2440cc971decb9e52b6a789f048.jpg, 1
zenith_9s30_-v5-_-17474p1-_png.rf.f7e53205968b3bcf2b8c2663f6f09a88.jpg, 1
philco_66_-v6-_-18129p1-_png.rf.f8ecf5bf2eccfe727ba5c22ab58be480.jpg, 1
emerson_u5a_-v2-_-11279p1-_png.rf.fa99bc0c19c23fe60c3c1aae497faa7f.jpg, 1
westinghouse_wr214_-v2-_-12306p1-_png.rf.f97cdbb55776824c3e45e362debd6da8.jpg, 1
majestic_461_-v3-_-13048p1-_png.rf.f99f47f19caa09b4a30c2fa7b03cc293.jpg, 1
airline_62177_-v3-_-12478p1-_png.rf.f7da7670ab44e1bf06df554c1acc9e18.jpg, 1
generalelectric_m81_-v5-_-16309p1-_png.rf.f8f33d9819d6b902180a406c39beec2f.jpg, 1
rca_140_-v6-_-18168p1-_png.rf.f79d79bd4ce5c4a8d93e97f8ffab1c90.jpg, 1
rca_r73_-v5-_-16937p1-_png.rf.fca22006b1164285de08936b82cbe660.jpg, 1
westinghouse_wr23_-v5-_-17384p1-_png.rf.fced21d9af00d0032ec4da9eddbc2385.jpg, 1
arvin_517_-v6-_-17637p1-_png.rf.f334d782b5697e460daca805e39ee2d9.jpg, 1
rca_t101_-v3-_-13347p1-_png.rf.fb6abdfcb4e6ff3708891e7be098bc53.jpg, 1
sparton_10_-v2-_-12083p1-_png.rf.fe8a7fede5d33fe2c1f89f9a54c98f1b.jpg, 1
rca_9t_-v6-_-18199p1-_png.rf.faf46e5f3ff436fc4a80aa4ecd15a35f.jpg, 1
rca_118_-v6-_-18165p1-_png.rf.fe5ebd6e8f9198d4e0b11a9e580990a4.jpg, 1
rca_r7a_-v4-_-14996p1-_png.rf.fce257a0e657c98e9ea0df14dd2746e8.jpg, 1
zenith_288_-v6-_-18397p1-_png.rf.ff4c3394a01cfedc6adfc0f3ad23bcfb.jpg, 1
grunow_580_-v4-_-14459p1-_png.rf.fc442db625bda0d59a2d291bb6520bd4.jpg, 1
zenith_6s229_-v6-_-18439p1-_png.rf.fccedbfffc2da22c4f8233c05dc27b51.jpg, 1
zenith_7d127_-v2-_-12349p1-_png.rf.ff7f939a256eafee769c2701b0d349f3.jpg, 1
zenith_5f134_-v3-_-13681p1-_png.rf.fb8a3906008062d1f9620627e9c70601.jpg, 1
sparton_617_-v5-_-17149p1-_png.rf.fc3e4613eae2394f878206c5da2ed150.jpg, 1